,precision,recall,f1-score,support
class_1,0.9994818652849741,0.9933058702368692,0.9963842975206612,1942.0
class_2,0.9986622073578595,0.9913678618857902,0.9950016661112963,1506.0
class_3,0.9948770491803278,0.988295165394402,0.9915751850906306,1965.0
class_4,0.99875,0.9833846153846154,0.9910077519379845,1625.0
class_5,0.9965706447187929,0.985753052917232,0.9911323328785812,1474.0
class_6,0.949936628643853,0.9986675549633578,0.9736927573887626,1501.0
accuracy,0.9901128532907221,0.9901128532907221,0.9901128532907221,0.9901128532907221
macro avg,0.9897130658643012,0.9901290201303778,0.989798998487986,10013.0
weighted avg,0.9904804981737365,0.9901128532907221,0.9901853128986929,10013.0
