{
  "overall": {
    "prediction_match_rate": 0.3366623389593528,
    "false_positive_rate": 0.8647705391527599,
    "false_negative_rate": 0.6633376610406472
  },
  "per_class": {
    "mousebite": {
      "precision": 0.01639941690962099,
      "recall": 0.13740458015267176,
      "f1": 0.029301644147810516,
      "tp": 270,
      "fp": 16194,
      "fn": 1695
    },
    "open": {
      "precision": 0.23192960402262727,
      "recall": 0.19001029866117405,
      "f1": 0.2088876309085763,
      "tp": 369,
      "fp": 1222,
      "fn": 1573
    },
    "pinhole": {
      "precision": 0.4940848990953375,
      "recall": 0.9633649932157394,
      "f1": 0.6531738730450782,
      "tp": 1420,
      "fp": 1454,
      "fn": 54
    },
    "short": {
      "precision": 0.2572665429808287,
      "recall": 0.27622841965471445,
      "f1": 0.26641050272174194,
      "tp": 416,
      "fp": 1201,
      "fn": 1090
    },
    "spur": {
      "precision": 0.3148469093009821,
      "recall": 0.3353846153846154,
      "f1": 0.32479141835518477,
      "tp": 545,
      "fp": 1186,
      "fn": 1080
    },
    "spurious copper": {
      "precision": 0.5391705069124424,
      "recall": 0.23384410393071287,
      "f1": 0.32620817843866173,
      "tp": 351,
      "fp": 300,
      "fn": 1150
    }
  },
  "totals": {
    "num_pred": 24928,
    "num_gt": 10013,
    "num_correct": 3371
  }
}